nombre,precioBase,iva,url,foto,categorias,marca,fechaCreacion,pesoBytes,URLDescarga,tipo
Sonair,1980,REDUCIDO,www.xbhlpo.com,ouuka.jpg,MUSICA,UNIVERSAL,2/15/2023,2773,www.alkh.com,MUSICA
Konklux,535,GENERAL,www.tvyqyk.com,mjcay.jpg,MUSICA,LOGITECH,1/8/2023,1593,www.tazc.com,PROGRAMA
Bytecard,2191,REDUCIDO,www.ofszqs.com,tzdkg.jpg,MUSICA,UNIVERSAL,4/9/2023,8334,www.rwyv.com,IMAGEN
Span,417,GENERAL,www.qoxmyf.com,cnwgo.jpg,PROGRAMA,UNIVERSAL,8/17/2022,4089,www.ymmj.com,VIDEO
Namfix,10,SUPERREDUCIDO,www.fzhhao.com,nrefs.jpg,PROGRAMA,SONY,4/30/2023,4103,www.qxjh.com,MUSICA
Quo Lux,609,REDUCIDO,www.vfqvrt.com,yktux.jpg,IMAGEN,LOGITECH,10/19/2022,6909,www.gwco.com,IMAGEN
Namfix,1824,SUPERREDUCIDO,www.guolsa.com,binmv.jpg,MUSICA,PHILIPS,8/10/2022,8681,www.elok.com,PROGRAMA
Hatity,2393,GENERAL,www.ouzxfc.com,qyxdx.jpg,IMAGEN,UNIVERSAL,11/30/2022,2792,www.ecwx.com,IMAGEN
Latlux,1993,GENERAL,www.xdczfs.com,xjjbz.jpg,VIDEOJUEGO,NINTENDO,5/17/2023,8284,www.xped.com,MUSICA
Alphazap,1200,SUPERREDUCIDO,www.rhtzqf.com,vkmqz.jpg,VIDEO,SONY,9/24/2022,3929,www.rnzj.com,MUSICA
Zontrax,2096,SUPERREDUCIDO,www.tljitf.com,rncms.jpg,MUSICA,ASUS,3/7/2023,7648,www.rklv.com,IMAGEN
Aerified,3366,SUPERREDUCIDO,www.cjqkcq.com,olpgn.jpg,MUSICA,LOGITECH,5/3/2023,1692,www.cpxy.com,MUSICA
Tres-Zap,2762,GENERAL,www.uxinqn.com,bnexl.jpg,IMAGEN,NINTENDO,7/1/2022,7757,www.cfgm.com,VIDEO
Fintone,3328,REDUCIDO,www.flgqht.com,ujyqd.jpg,PROGRAMA,PHILIPS,1/24/2023,9217,www.yzmv.com,VIDEOJUEGO
Daltfresh,3405,GENERAL,www.qraeve.com,igmeu.jpg,VIDEO,STEAM,3/27/2023,3426,www.yplf.com,VIDEOJUEGO
Konklab,448,REDUCIDO,www.jsolzb.com,dwfci.jpg,IMAGEN,ASUS,6/7/2023,9546,www.nrep.com,MUSICA
Trippledex,2157,SUPERREDUCIDO,www.icltdz.com,wtypi.jpg,IMAGEN,STEAM,2/1/2023,5943,www.cwem.com,PROGRAMA
Home Ing,1594,SUPERREDUCIDO,www.mvvoxi.com,mbkxc.jpg,VIDEOJUEGO,NINTENDO,9/19/2022,5622,www.ahgl.com,IMAGEN
Mat Lam Tam,3258,GENERAL,www.ufjfog.com,fkvax.jpg,MUSICA,PHILIPS,5/1/2023,1256,www.rrdm.com,IMAGEN
Zaam-Dox,1692,SUPERREDUCIDO,www.hiwhfr.com,jkkqs.jpg,VIDEOJUEGO,STEAM,9/21/2022,5021,www.jvfx.com,VIDEOJUEGO
Wrapsafe,3300,GENERAL,www.yrmliy.com,llzxc.jpg,IMAGEN,MSI,3/6/2023,1928,www.hylr.com,IMAGEN
Rank,187,SUPERREDUCIDO,www.hlzrlj.com,xunwh.jpg,VIDEOJUEGO,MSI,3/23/2023,9630,www.ideb.com,VIDEOJUEGO
Stim,808,GENERAL,www.bxihjg.com,jquzm.jpg,IMAGEN,LOGITECH,5/11/2023,685,www.mymt.com,PROGRAMA
Alpha,295,GENERAL,www.drhibv.com,pmqzu.jpg,IMAGEN,LOGITECH,1/17/2023,5007,www.oewe.com,IMAGEN
Home Ing,80,GENERAL,www.pdboax.com,guaxc.jpg,PROGRAMA,UNIVERSAL,10/15/2022,9638,www.askt.com,VIDEOJUEGO
Zontrax,3651,GENERAL,www.ztzyus.com,xypec.jpg,IMAGEN,PHILIPS,3/22/2023,2321,www.lflv.com,IMAGEN
Bitchip,1270,REDUCIDO,www.wdzeee.com,ojyuf.jpg,MUSICA,STEAM,12/27/2022,99,www.skeg.com,MUSICA
Duobam,2106,REDUCIDO,www.fpysbh.com,gesaq.jpg,VIDEOJUEGO,UNIVERSAL,6/24/2022,5121,www.wiot.com,MUSICA
Aerified,969,REDUCIDO,www.zmtgig.com,ypjsi.jpg,VIDEO,STEAM,7/22/2022,339,www.kdry.com,MUSICA
Trippledex,3802,REDUCIDO,www.rbusku.com,jskax.jpg,VIDEO,PHILIPS,6/5/2023,6791,www.vsmu.com,VIDEO
Zontrax,1916,REDUCIDO,www.pkxzuq.com,mhtzb.jpg,VIDEO,NINTENDO,2/22/2023,4734,www.djfw.com,VIDEOJUEGO
Pannier,3134,SUPERREDUCIDO,www.tcenvw.com,sjycq.jpg,IMAGEN,NINTENDO,4/12/2023,5467,www.pmka.com,VIDEO
Bitchip,2081,SUPERREDUCIDO,www.ryrhbh.com,smdur.jpg,PROGRAMA,SONY,11/21/2022,5278,www.huby.com,MUSICA
Y-Solowarm,3439,REDUCIDO,www.ccuoqw.com,nopkn.jpg,PROGRAMA,MSI,4/25/2023,1333,www.ajwc.com,VIDEOJUEGO
Transcof,288,GENERAL,www.hydjpf.com,syjmc.jpg,PROGRAMA,MSI,5/24/2023,5209,www.dbmu.com,PROGRAMA
Bitwolf,2532,SUPERREDUCIDO,www.axuspu.com,gtyel.jpg,PROGRAMA,SONY,1/28/2023,5749,www.ckyn.com,VIDEOJUEGO
Vagram,2122,REDUCIDO,www.pnaher.com,rzswd.jpg,PROGRAMA,LOGITECH,3/13/2023,1685,www.yjca.com,VIDEO
Quo Lux,3919,REDUCIDO,www.dzlezw.com,ogkzj.jpg,MUSICA,LOGITECH,10/4/2022,7930,www.trwy.com,PROGRAMA
Daltfresh,3163,GENERAL,www.jazydf.com,eshpo.jpg,VIDEOJUEGO,NINTENDO,6/7/2023,1653,www.hokz.com,IMAGEN
Fintone,1173,REDUCIDO,www.vkimut.com,dztoq.jpg,PROGRAMA,STEAM,4/27/2023,2599,www.gpoe.com,VIDEO
Fix San,3980,SUPERREDUCIDO,www.aszxyn.com,vqrse.jpg,IMAGEN,NINTENDO,8/21/2022,6263,www.wqdd.com,MUSICA
Flexidy,3124,SUPERREDUCIDO,www.vcgaqs.com,axdpx.jpg,IMAGEN,MSI,12/5/2022,3088,www.bdsr.com,PROGRAMA
Flowdesk,3678,GENERAL,www.bkpmnb.com,hazsg.jpg,PROGRAMA,UNIVERSAL,9/18/2022,3853,www.cfer.com,IMAGEN
Lotstring,1817,SUPERREDUCIDO,www.drnviq.com,rdqes.jpg,VIDEOJUEGO,STEAM,1/31/2023,4990,www.pscb.com,MUSICA
Tres-Zap,572,REDUCIDO,www.ingyue.com,lnmhr.jpg,IMAGEN,STEAM,7/26/2022,4392,www.ysqg.com,IMAGEN
Namfix,3972,GENERAL,www.vdefbj.com,umfkp.jpg,VIDEOJUEGO,LOGITECH,3/1/2023,1909,www.ywjr.com,IMAGEN
Tresom,303,SUPERREDUCIDO,www.mqhsha.com,wwcmh.jpg,VIDEO,PHILIPS,9/15/2022,8230,www.mmqy.com,VIDEO
Voyatouch,184,REDUCIDO,www.dbelum.com,svgtl.jpg,MUSICA,ASUS,9/2/2022,4393,www.msrf.com,PROGRAMA
Kanlam,1795,SUPERREDUCIDO,www.ceoiuc.com,eugha.jpg,PROGRAMA,LOGITECH,3/28/2023,4069,www.puyv.com,MUSICA
Matsoft,1586,REDUCIDO,www.qouljm.com,yfles.jpg,MUSICA,LOGITECH,3/25/2023,6259,www.fezh.com,PROGRAMA
It,3706,SUPERREDUCIDO,www.qsoawy.com,bbyxl.jpg,VIDEO,LOGITECH,6/16/2022,1757,www.kjsl.com,PROGRAMA
Namfix,2967,REDUCIDO,www.yqdfxo.com,asbuc.jpg,MUSICA,PHILIPS,1/30/2023,9735,www.nxbg.com,MUSICA
Cookley,3586,SUPERREDUCIDO,www.sgxbfa.com,ielwo.jpg,IMAGEN,UNIVERSAL,5/29/2023,6811,www.zslm.com,VIDEO
Andalax,3611,GENERAL,www.sjzeyd.com,osoiw.jpg,MUSICA,UNIVERSAL,5/10/2023,6363,www.fost.com,PROGRAMA
Bitwolf,1217,REDUCIDO,www.qdlhci.com,xnfeq.jpg,VIDEOJUEGO,SONY,2/24/2023,2405,www.xcrc.com,VIDEOJUEGO
Tampflex,2428,SUPERREDUCIDO,www.ammbus.com,ppjvq.jpg,IMAGEN,MSI,8/4/2022,8326,www.phkp.com,MUSICA
Asoka,2790,REDUCIDO,www.xjqwsb.com,ioprh.jpg,IMAGEN,MSI,5/5/2023,8097,www.jfgh.com,PROGRAMA
Bytecard,3246,GENERAL,www.xnjyzy.com,qurzm.jpg,PROGRAMA,PHILIPS,6/21/2022,9413,www.erjd.com,IMAGEN
Solarbreeze,34,SUPERREDUCIDO,www.yijmdz.com,upvik.jpg,IMAGEN,MSI,8/13/2022,9399,www.gnxx.com,VIDEOJUEGO
Konklab,2357,GENERAL,www.pvfgbq.com,humao.jpg,IMAGEN,LOGITECH,8/28/2022,3143,www.bcmc.com,MUSICA
It,2577,GENERAL,www.pzxtpu.com,iashw.jpg,MUSICA,ASUS,8/22/2022,6915,www.yfhq.com,IMAGEN
Kanlam,619,SUPERREDUCIDO,www.emnlkq.com,iwdsk.jpg,VIDEOJUEGO,ASUS,1/9/2023,7196,www.qduc.com,MUSICA
Greenlam,2544,GENERAL,www.tmtivi.com,ixzxm.jpg,VIDEOJUEGO,PHILIPS,11/26/2022,568,www.jrvv.com,VIDEO
Solarbreeze,3551,GENERAL,www.cfoway.com,fheui.jpg,MUSICA,STEAM,7/13/2022,6906,www.yocy.com,PROGRAMA
Y-Solowarm,812,GENERAL,www.samtxs.com,vwfog.jpg,VIDEOJUEGO,STEAM,10/26/2022,6856,www.sglt.com,VIDEOJUEGO
Lotlux,1211,SUPERREDUCIDO,www.gcdxwx.com,pcyig.jpg,PROGRAMA,ASUS,3/5/2023,104,www.akjs.com,VIDEOJUEGO
Duobam,1870,SUPERREDUCIDO,www.euwylz.com,ozkly.jpg,IMAGEN,ASUS,11/29/2022,2278,www.waus.com,VIDEO
Toughjoyfax,3963,GENERAL,www.bnbkos.com,mtjaj.jpg,PROGRAMA,UNIVERSAL,2/28/2023,704,www.vlys.com,IMAGEN
Lotlux,2716,SUPERREDUCIDO,www.kueqtt.com,kjdyr.jpg,MUSICA,LOGITECH,5/3/2023,2865,www.gfvf.com,PROGRAMA
Zontrax,1124,GENERAL,www.aynkkf.com,whgmb.jpg,VIDEOJUEGO,ASUS,8/26/2022,3726,www.uaxf.com,IMAGEN
Rank,3628,GENERAL,www.jyeegz.com,yeisn.jpg,MUSICA,UNIVERSAL,1/22/2023,7452,www.dwek.com,IMAGEN
Lotstring,667,SUPERREDUCIDO,www.knopnc.com,ysdhh.jpg,MUSICA,NINTENDO,6/25/2022,9779,www.wdee.com,VIDEO
Lotstring,3914,GENERAL,www.fmrhjg.com,lrkle.jpg,IMAGEN,LOGITECH,4/23/2023,2665,www.xrxr.com,PROGRAMA
Cardify,1487,GENERAL,www.gfhnxa.com,mnmma.jpg,MUSICA,NINTENDO,12/27/2022,9046,www.uzdi.com,MUSICA
Span,2151,REDUCIDO,www.nnodks.com,puppt.jpg,VIDEO,UNIVERSAL,7/14/2022,1149,www.xpif.com,PROGRAMA
Asoka,3030,GENERAL,www.tejimw.com,yymkt.jpg,MUSICA,UNIVERSAL,9/7/2022,9211,www.ztxp.com,VIDEO
Regrant,3469,GENERAL,www.vxjkvz.com,aajzu.jpg,VIDEO,STEAM,8/26/2022,1751,www.yftv.com,IMAGEN
Y-Solowarm,3175,SUPERREDUCIDO,www.fpizgn.com,uukna.jpg,PROGRAMA,PHILIPS,11/15/2022,7008,www.fyut.com,MUSICA
Home Ing,3302,REDUCIDO,www.wazqgw.com,irtcx.jpg,VIDEOJUEGO,STEAM,12/18/2022,1866,www.rglj.com,MUSICA
Stringtough,791,SUPERREDUCIDO,www.uqriat.com,sdqzu.jpg,MUSICA,LOGITECH,3/24/2023,545,www.arcr.com,VIDEO
Temp,584,GENERAL,www.iaojbt.com,dnmjs.jpg,VIDEO,SONY,7/3/2022,1410,www.tiks.com,PROGRAMA
Zathin,2613,GENERAL,www.toipzx.com,tebzr.jpg,VIDEO,MSI,4/12/2023,732,www.krrl.com,PROGRAMA
Overhold,10,SUPERREDUCIDO,www.uinpmi.com,mwdgu.jpg,PROGRAMA,NINTENDO,11/18/2022,7481,www.jzmo.com,VIDEOJUEGO
Tin,1104,GENERAL,www.ymgsph.com,xycam.jpg,PROGRAMA,PHILIPS,3/25/2023,8073,www.avue.com,IMAGEN
Vagram,933,GENERAL,www.ujsrqe.com,hmdge.jpg,PROGRAMA,LOGITECH,4/29/2023,5171,www.eghh.com,VIDEOJUEGO
Andalax,710,GENERAL,www.eunqzc.com,ncayj.jpg,VIDEO,NINTENDO,4/2/2023,2279,www.aaas.com,IMAGEN
Tresom,737,GENERAL,www.jqbvmy.com,lhmlk.jpg,PROGRAMA,ASUS,12/17/2022,2067,www.oscj.com,MUSICA
Treeflex,2861,SUPERREDUCIDO,www.yqwqtb.com,rlnuw.jpg,MUSICA,STEAM,9/19/2022,7000,www.xnkx.com,VIDEOJUEGO
Zathin,20,REDUCIDO,www.kvfxap.com,ipckf.jpg,PROGRAMA,PHILIPS,7/8/2022,4642,www.mbzp.com,VIDEOJUEGO
Solarbreeze,3708,GENERAL,www.wkbcnk.com,ebesq.jpg,IMAGEN,ASUS,8/6/2022,9473,www.sgaf.com,VIDEO
Fix San,963,GENERAL,www.vfqfcd.com,bkixd.jpg,VIDEO,NINTENDO,8/26/2022,5279,www.qxvj.com,VIDEOJUEGO
Alpha,733,GENERAL,www.akydsg.com,hhrsh.jpg,VIDEOJUEGO,NINTENDO,6/17/2022,7460,www.frit.com,VIDEOJUEGO
Bitchip,730,SUPERREDUCIDO,www.aitgde.com,enetj.jpg,VIDEO,UNIVERSAL,8/14/2022,318,www.vphr.com,MUSICA
Overhold,3510,REDUCIDO,www.fnqval.com,uniiq.jpg,VIDEOJUEGO,MSI,5/11/2023,7695,www.sett.com,PROGRAMA
Sonair,1400,REDUCIDO,www.wkikgr.com,hakwr.jpg,PROGRAMA,SONY,9/12/2022,1851,www.xvpy.com,VIDEO
Konklux,3632,GENERAL,www.gtwodo.com,pahzk.jpg,VIDEO,LOGITECH,12/9/2022,7349,www.fuwm.com,VIDEO
Stim,2372,GENERAL,www.gmkcwq.com,rcevp.jpg,IMAGEN,ASUS,9/22/2022,186,www.ussc.com,PROGRAMA
Latlux,1969,GENERAL,www.jjlcxv.com,crjud.jpg,PROGRAMA,PHILIPS,4/22/2023,5693,www.vwpo.com,PROGRAMA
Bytecard,3355,SUPERREDUCIDO,www.beqeoo.com,mrwpp.jpg,VIDEO,PHILIPS,7/4/2022,4745,www.xkkq.com,PROGRAMA
Kanlam,1925,GENERAL,www.uuntyj.com,fwlkg.jpg,PROGRAMA,ASUS,12/28/2022,4177,www.hecc.com,IMAGEN
